feature_1,feature_2,feature_3,feature_4,feature_5,feature_6,feature_7,feature_8,label
0.0725805889948424,-0.0060848540866288,0.9448569458114128,0.0254689542629242,-0.0123283273766695,-0.0092473855319613,-0.0076080926313464,0.0103105827188808,0
-0.0397150703479789,,0.9528131057655972,0.0282878127230654,0.0192761147685098,0.0359467397720204,0.018837298238294,-0.0236116026882371,0
-0.0233681580253492,-0.0057775250166432,0.0820960722141417,-0.0278278499935657,1.0188964183443003,0.0060348547849804,-0.0023882085978605,-0.0125628008649388,0
-0.3386990980283342,-0.1262702485535249,-0.4364299539499723,0.0548600876723119,-0.063303833483999,0.2174462392519043,-0.340099333388538,0.8109590537500606,1
,0.6425079853011755,0.1203172122338076,-0.4411270559478861,-0.1838237367858379,0.2472485754618396,1.4493614760832905,0.6507160722426657,1
0.9923239062971948,-0.0379228361640761,0.0496125186860623,-0.0434650971032201,-0.0133739059919344,0.003973489596654,0.0438034200163255,-0.043638963804298,0
-0.0019862109796018,-0.0121370241449666,1.0057663446242997,0.0257441280601485,-0.0757629558998855,0.0197900561488644,-0.0036934506183927,0.0307907124063206,0
0.0009749594219242,-0.0042131520253118,0.0792514828267409,-0.015231819080489,1.0161604869036014,0.0086993751700793,0.0066545416769753,-0.020483062741421,0
-0.0472546164322978,-0.0175618632961319,0.9998858416130512,0.0514627588103022,-0.0343127181908875,-0.0239101190506825,0.0464590364740472,0.0235259423052805,0
1.1767685888884325,-0.3840530338239549,1.404931960153984,0.7307762303318481,0.8783206920176962,1.1357118604592205,0.5681484910296546,1.3645539865730436,1
0.4266185246614957,0.5201718337590544,-0.4929825127369101,0.2714105165796385,-0.1289441106522204,0.1786588654176801,0.6996501483955193,,1
0.010778868527239,0.0273649442438122,-0.0403679339036864,0.9602392483483398,-0.0309878028216782,-0.0069415032007223,-0.0667282964962404,-0.0127861963581117,0
1.205845887420943,-0.3449689171276309,0.4704059390275021,1.2198173715685974,-0.0510403703405759,-0.4938834211653569,0.6196696533009718,0.3197365108653993,1
0.019344576483069,0.0122777755612144,-0.0794836683918844,1.031830613561157,0.0031865541654037,0.0141578052317483,0.0197238888435032,0.0241073686003125,0
-0.0742112311627785,0.9933477776621548,0.0044277512513528,-0.0277451127607199,-0.0107492810688289,-0.0518833730708056,-0.0128230535769364,0.0202014074882654,0
0.2004033358147277,1.411704575813913,0.5547819057548724,0.4148830102373837,0.6460025525335593,1.257482838777098,0.1009681422619439,0.3685863115109604,1
0.0639829787694006,0.9689830985948772,-0.000734269357477,-0.0294475345097975,-0.002835084544765,-0.0068523871671734,0.0255095269945266,0.0298349904244667,0
0.9842213115789746,-0.0048350997583429,-0.009909614810771,0.001671615406453,0.0472581324180162,-0.0381237505183634,0.0140112997298518,-0.0329266446855905,0
0.0503326667796904,0.9824946328191096,-0.0138076443164763,0.0181472409245704,-0.0665062962479329,-0.0343593184417587,0.0196454770346046,-0.0049546403337764,0
1.2685012355847054,1.1665830871447018,0.7843572635256024,0.1554431906987874,0.6764606035309644,0.030712886506435,0.896400016006796,0.4404568557018691,1
-0.3487492274651582,-0.2222707757705271,-0.4158004137266538,1.3361316313033218,0.253176089641226,1.040420845585556,0.5375553453907846,,1
1.0880647764551117,-0.2314762971240727,0.4708990297975257,,-0.1456962994348423,0.9543357074971572,0.5843709786539519,-0.4829243564614591,1
1.0032417083239071,-0.016378312704474,-0.050443850394268,,-0.0345572666091908,0.0154061966253978,-0.0299093262866636,0.0504201348153796,0
0.9844745436023192,0.0179423895151221,-0.015325162350115,-0.0154016218962784,0.0080016606009316,-0.0632719268716279,-0.0570428065951477,-0.0185947748795819,0
0.947851505182139,1.139370869624672,0.755774760345651,0.8868588995509525,1.005394591389503,-0.0555540961674008,-0.0443837507116162,0.7398393631681031,1
0.4717293681604515,-0.0707897935832388,1.110535885039414,0.0757661256362307,0.6762118439101166,-0.0739039534102954,0.6095603348520182,0.3118025858875317,1
-0.1507615858870878,0.69066805704321,1.2952595004457763,1.055031217020202,-0.0026542793615156,0.5207259968681732,0.4898646483836746,1.3769501456535047,1
-0.003422890639894,0.0313961400504181,-0.0315764013206468,0.0006035719767979,1.0573176074670658,-0.0171801481299142,-0.0143668647462205,0.0299080357987294,0
0.0625145395637059,1.0461840117875387,0.0012548586355614,0.0036561518780999,0.0076070983933026,-0.0346355011714296,0.0263107330126154,-0.025717186497703,0
0.066499615937636,1.0125507762973014,-0.0228480199503614,-0.0488303712868514,-0.0031945107697287,-0.0244501572314271,-0.0138182092476965,0.0112736097518457,0
0.0525340868050536,1.2867479755644675,1.1762499660535288,1.322448860637962,1.4575916529712962,1.419665768533839,0.6140207803590332,0.0003356433023053,1
1.1449136244921625,0.1401625047375243,0.0491373367590175,1.004433295385337,-0.4763183032467419,1.1877475915933258,1.4196604015552352,0.440319341329237,1
0.4811441967481227,0.2757145055470322,1.0646330381616362,1.129062701505056,0.3111528859668795,-0.3732480080353058,-0.2033715738176225,0.8273581084142647,1
0.4764134403928766,-0.0291914223307061,0.7494441321391243,-0.2262349877810525,0.511808075915315,0.7042488870039842,0.6416066640303588,-0.3169127352949288,1
-0.2558186373031352,0.8720304553212896,0.2495565564356641,0.8446232462884191,0.9680822967191778,1.2234303732376115,-0.2978343830220125,0.2707589056176924,1
1.0113933189093844,0.0852258921112294,0.0126286125025007,0.0251197351723061,0.0211033786202363,0.0144093614207598,-0.0069740397675989,0.0167890830332718,0
0.013431007007945,0.0207519477218874,0.0329449073760591,-0.0315974366383121,1.0065496370741698,0.0072515045931117,0.0178819777818921,-0.0072479066569469,0
0.2602308828143387,0.1903182247520098,0.3445635925701322,0.5291528686074933,-0.0733113791693822,-0.0830182089776672,0.4167134201131557,0.4201778885996674,1
1.2852688593718635,1.1979896873781075,-0.4723757112822793,-0.1149742447690587,1.1544708150647744,0.9749784527384942,1.4484371215179133,-0.405036219467537,1
-0.0429339195214177,1.033416447534917,-0.0095322014070457,-0.035285153012588,-0.0356119202719743,-0.0263313104023878,-0.0491098606784549,0.0169906248725425,0
1.0226586260998844,-0.0260488471990856,0.0401821846833909,-0.0401551659174737,0.0168101623609412,0.0627442610872398,-0.0283733069358176,-0.0162212519535375,0
0.0021540952407279,1.0349825900392722,-0.00427224315718,0.0219825504426921,0.0156244526994536,0.0331239566147681,-0.0557025987345775,0.0319625040517484,0
0.0001993658852072,0.0500989706963963,-0.0228058602249077,0.0009284662255083,1.012087728521795,-0.0025078346867516,-0.0546672948508718,-0.0529054779282027,0
0.0504176384517436,-0.0008749655579653,0.9999634160448506,-0.0289252200628695,0.0722386581798728,0.0008431624883365,0.0254316373315005,-0.0089909380053028,0
-0.015144210947628,0.0265584893948935,1.0251418031517576,-0.0323803703551734,-0.0296208921364903,-0.0346028238035996,0.0375023453219623,0.0017671526530874,0
1.001801205118942,0.1981350849052927,0.2040891960752855,0.1035013738110224,0.7714868854759083,0.0542727090505363,0.808633813395383,,1
-0.1475608569254842,1.378884115972529,1.20443230043047,1.4976551096249522,-0.3034096794661303,0.5612050117785279,-0.317863622624235,0.9840244938096778,1
,-0.0248606116036673,1.035511923285806,0.000974342843568,-0.0581888276830599,-0.0265326220955846,-0.0017545498367242,0.0377618307445427,0
-0.0037539129085492,1.0050812379838077,-0.0104964037494631,0.0450373177453219,-0.055570702203071,0.0379865175790219,-0.0184326469257799,0.0415065501682435,0
0.6725548247974589,0.7680238065106977,0.11518606311703,0.1535760529844243,-0.3230685948457958,1.4364396908059145,1.4349699752311962,1.485870890157144,1
0.095437886283038,-0.0412223138757694,0.0142554339152223,1.4911217569396282,0.4543574227733329,0.0456971840808211,0.1489038580257142,0.7939070395336218,1
0.019880183841112,1.494298945735235,1.360338739669415,0.1815675173272142,0.3779712889345341,0.0232166069704455,1.010793380531719,0.6550028028180293,1
0.9901752502738136,0.0313916974971881,0.0208063334378932,-0.0032019910547552,-0.0372300754132167,-0.0666016707625138,-0.0196314462234132,0.0376523715470869,0
1.4410945261702617,1.0199122880716225,0.8355850030888805,0.6484579833379855,-0.3031955865578162,0.2149480256589391,-0.0117675008041804,0.0923014254010619,1
0.4129545222182009,0.6726079345348392,-0.0967703384734917,0.3354365216087858,1.22216848836112,0.7926128510720694,-0.29334748413378,0.7070336171078953,1
0.0178757920514069,-0.0455430621176675,-0.0179415637247101,0.0251712417246943,0.98211215186905,0.0197517373567952,0.0321934989959425,0.0431636666273049,0
0.0014935405854998,0.046348666839475,-0.028175319630572,1.028074226937685,0.0640678662131638,-0.0195406660675425,-0.0179013384846567,0.0262076640834478,0
-0.439111708031036,1.0436403050658944,0.8961206949208476,1.412169692084322,0.6293263883833278,0.1904282816825955,-0.3142187221005217,0.5494335526460981,1
0.1182199103816545,0.7645215223285173,0.5814452056131083,1.304110433252137,1.055717206173254,-0.3909119763834769,0.2391673877580833,-0.0831271200456857,1
1.4796170424450228,0.0679039674662556,0.7581073848445115,-0.017625304205862,-0.4193595259019256,1.4230290905342575,-0.285921950403079,1.4267596475686226,1
1.239115564845482,0.6560180542458776,0.775734485853524,1.0442621419879832,-0.0790371766580255,1.3499296810206085,1.4829986082512665,1.4265023726194028,1
0.0305435040104303,0.0631071153999236,0.014157683706456,0.985227660973522,-0.0211778129044289,-0.0245506145720797,0.0207703298481162,0.00356770536393,0
-0.347488754774262,0.6330870657965646,0.2543819407171754,0.7692947227887545,1.404766056990279,1.2043892851367222,0.3555339989160333,1.1853933293339345,1
0.0312852444382239,-0.0340867323742753,0.0259987902082002,0.9988286921107956,0.0311317473816054,0.0406237908281763,0.0107278351729984,-0.0321567122244197,0
1.38838422872651,1.0150712181984902,1.1923003959856515,-0.3116006397120443,-0.3081527951151239,-0.2610587910792461,-0.286870175131005,0.5929915929304848,1
1.0406720568284495,-0.4987289503430641,-0.3510297309211709,-0.3378210229502856,0.6578774231969613,0.6629224593624552,0.2418469762515862,0.4559956688826441,1
-0.0182498117841147,0.0252376096851988,0.0161977086782856,1.0609643334558916,-0.0115722240763984,0.0319285015345166,-0.0340723875667769,0.032580014156479,0
-0.0134043978054703,0.0013596009713012,-0.040269427565809,0.0163142630404499,1.005607295696732,-0.0413409731300709,-0.0168454751235845,-0.0184572927105047,0
0.0261746509005163,-0.0163017808551886,0.0131431182202929,0.9341693135742648,-0.0512141496273982,-0.0138145722500411,0.0305271730705127,-0.0077832292379917,0
-0.0112360770683717,1.0240960623959643,-0.0677400043260367,-0.0053008610640126,-0.0195966706399326,-0.0023583320824025,0.059478857838542,-0.014981548276339,0
0.0103939447725924,0.9898093926318904,0.0118620580942391,0.0525299834051564,-0.0073703016090528,0.0076488791165173,-0.0047918862919557,-0.0741507247157554,0
-0.0125902506739293,-0.0505012642954917,0.0117726363422379,-0.0095181328101804,0.9892912314582638,0.0469439016759607,-0.0209289073601878,0.0373432873410032,0
1.3064831920918607,1.0439551962126958,0.835714406391787,0.5035975870794467,1.3574774761495276,0.1346869796996783,1.3443737339880018,0.7416812694281372,1
1.1676072903226815,0.3159745823488986,0.230008722637643,0.3677972446153275,0.0695322693220821,1.437785293307628,0.6326077448273304,-0.4444079463376458,1
-0.3826129246981311,,-0.4432389436648949,0.8460355375129871,0.254038780506814,0.4660731616616276,-0.3017248994162906,-0.1125825549229648,1
0.7211809516555401,0.0763082334368083,0.1232296197076354,0.5810467274195636,-0.1202416267334778,1.444409265190433,0.1004740996055457,1.1943429109587431,1
-0.0373026855503725,0.0404229981355516,-0.0120895310744926,1.0162904231610264,0.0544061129127505,-0.0400348843278323,-0.0114809026896843,-0.0073066637924362,0
0.0550955390650662,-0.0505170721950063,0.966715081399288,0.0098571550464502,-0.0309084090170748,-0.0140782195479486,-0.0250049279192945,0.0195594044326773,0
-0.1357938755847034,-0.2278446913077805,1.2748554283227655,0.2382638785654487,0.4454433153291126,-0.0818402906748763,1.2627371071987132,0.8064195323060628,1
-0.0300522245366683,1.0228011608392804,0.018313311020725,-0.0419722873734875,0.0433324281043506,0.0347009450848299,-0.0019120405813468,-0.0572804193449104,0
1.2253855466121335,0.9023896533235414,-0.1791105540768929,0.5589191555608368,0.6984340661802246,0.288534372800789,-0.3114163005328556,1.1367268335171945,1
-0.4843613061641798,-0.0961065339779094,0.671890108723971,0.1444080776501155,-0.068497606102555,0.745461691508442,-0.0132635066672064,0.7247910051948698,1
-0.0222082711852179,1.051797783033639,-0.0626574414251793,-0.0037673927334604,0.030311585406926,-0.0091176586123203,-0.0046146753344392,-0.0419348176705788,0
1.448059485070577,-0.2054741040200487,0.3552044323233787,1.0484318556646262,1.3616028127718185,1.0227957554778726,1.3686076046502464,0.1987097718826991,1
0.006209387519332,1.005123030858753,0.0367848631154961,0.0107785663951751,0.0716926558308081,0.0042626178061256,-0.0107505733528953,-0.0395545926781179,0
1.1252674936473075,1.112990938936528,1.4583673604785792,0.8414636970865281,-0.3101055649907389,0.0496762696671881,-0.0250253847267205,1.1004140946405452,1
,-0.1972030220961447,-0.0507925281045458,1.2298860790601889,0.196506199118428,0.5803183562984333,-0.3785324819032873,0.2078659739609427,1
0.015731890500983,-0.0426176064225834,0.0225999833694418,-0.0746025876403063,0.989285144153452,-0.0125466612444471,0.0320811183431635,0.0009984879658166,0
-0.017171417371099,-0.0108127438124472,0.949931763085384,0.0392197467602124,-0.0726582644986929,0.0071130706501705,-0.0017756025771571,0.0090494289429293,0
0.014362344524087,0.0246433450356474,1.0001665475714243,-0.0420643448948344,0.0371681966828012,-0.0154834896758921,0.0210965484755605,-0.0076384249458737,0
0.9629573683249948,-0.0136484759088748,0.0146217982076443,0.0430600622918031,-0.0211505054523812,-0.0081948921458491,-0.0488330591500405,-0.0527999477571278,0
-0.1056910721838031,0.4291066317149434,0.0079633555260436,0.0146014356683479,-0.1556415999909168,-0.2574675558120081,1.3503012074749103,-0.3371533884555693,1
-0.0015337755437184,-0.0715933129872822,-0.0058401234586232,-0.0122780027426492,1.046653804195729,0.014883797084321,-0.0017933320986734,-0.0031965553640828,0
-0.393863832969584,0.984535423498379,0.8299610457094024,0.0915580260576922,1.0210429481530228,1.352762861065241,0.0530505248979016,0.4626528564256398,1
-0.0773685829156018,0.2862823464431627,0.723277167985787,0.0640574505786708,0.4389685789880071,1.1343622898063188,0.3938771654311184,0.1168356920441759,1
0.0151403124805933,0.0240082395913749,1.012399561682228,0.0056917658506095,-0.0149570934020429,-0.0894229949151933,-0.0114963842021035,-0.0231405914710265,0
-0.1621976474832884,1.26063757122972,1.3347959265236111,-0.448521109706961,1.4613004076778102,-0.3485335446013147,1.3224633122503089,1.2071302481404615,1
0.7501138828629328,1.4192706156310215,-0.0407330896170643,0.4885776810656097,0.6326485544821583,0.8221996052785907,-0.4834835559742989,0.286491830083458,1
0.9693335769706464,0.0247640539014423,0.0364529089148598,-0.0258211392663356,0.030310716635204,0.0129873320803612,0.0258644903172229,0.0596788241555925,0
0.0148857409945958,-0.0579546025495276,0.9542184805966056,0.0446240673313098,0.0304453595896287,-0.0103974800219621,,-0.022873509792429,0
-0.0337520921219709,1.012077505042876,-0.0146069560272194,-0.0076199445482982,-0.0313822328216275,0.0228859977777923,-0.0525902601309643,-0.0013251888499353,0
0.0812036655885721,-0.1682358781358626,-0.2938830113391038,0.679165643814992,-0.3229570116731985,1.393791363469758,-0.3026990424652152,1.444206346459206,1
0.0058960663104332,0.1783930421534212,0.8473545347334144,0.0466324484135516,-0.4476084848943811,0.6747892644123248,1.1432331170751844,-0.0008027882539949,1
0.0007872817426887,-0.0049820542676851,-0.0051230718460547,,0.9992629411497692,-0.0514884714907364,0.0247515024357317,-0.0439677510345735,0
0.6226714656854053,0.4606755986074564,0.9155699892743469,1.3491455492706388,-0.0557881237769037,-0.0324767767993883,1.3034542106296736,-0.277224615564114,1
1.0935687206518276,1.103541142972964,0.6212513605977183,-0.0817649125926083,-0.0393184601328933,0.6664749890105048,1.394862322152638,0.5474807168549229,1
0.6474262204846897,0.8364170502063635,0.0847127057531891,0.2127548311317866,0.2473180925016143,0.6199967595589082,1.2242803678601326,1.4881974142789267,1
1.2795551353409462,0.0538335816826955,0.4921281005756528,0.3599197693150704,1.2006458371188231,1.207888781709224,0.4232210384390085,-0.0902794099944475,1
0.0486820080206115,1.054790618109067,-0.0358051521535464,0.0175990382902301,0.0002975180955375,0.0395228022272504,0.0254250005491995,0.00515970422822,0
-0.0417466056981796,0.0146347858806786,-0.0409888697848034,0.0124259182325723,1.023537437465752,0.0623194187757141,-0.0239606817575515,0.0256308174180992,0
0.435902973661602,1.0908210571533958,-0.3722254309898833,0.3538432420956314,1.3801555604076596,1.0424418414356422,0.4340142999166709,0.8072105586782299,1
-0.1766529008434394,1.4852783756326935,0.4668353277092798,0.1174203865993888,0.825381879803992,0.3078297866183825,0.9236525111193196,-0.0806932380194138,1
1.271788394337831,-0.2027344067743504,1.1234891816630344,-0.3201698892006113,0.6849896641186746,0.6559752522711018,1.4715669106532776,1.499993485086052,1
0.8459037878395848,-0.2903133746641972,0.9303444253214944,0.3544986773073391,0.7627260042326851,0.6593517906598023,0.7296464143463075,1.2493386508120912,1
-0.0295916648799082,0.0040672568922643,0.0476743618809631,0.0426187026564095,1.0111125647874804,-0.0138617723326881,0.0508300421653942,-0.0055872045327792,0
0.0026723656745706,-0.0035022502754351,0.0568151382997623,-0.0467654907780732,0.9952717327137816,-0.0167371040232072,-0.055808055103003,-0.0304048205877975,0
0.649235448583233,-0.1332954860673025,0.668734644182025,0.8168266417079417,0.5686835654736371,-0.0584659964308931,0.7023789931038393,0.8458662015995853,1
0.1195215944355607,-0.204366459899794,1.2706374392627675,0.4074038687683115,0.7452955474864593,0.3848450138083856,-0.0942965438738938,0.2971942030351768,1
0.4530209081173251,1.2985866432206972,-0.104328448584837,-0.3139859145207728,0.8643930897090506,0.0467457529643726,0.0032998093219083,-0.3881488502946741,1
0.0469076957242466,-0.0134091871039512,0.9626644874197884,0.0078636556521866,-0.0117226176831513,0.0237750019111947,-0.0209540509252351,-0.0047953430767015,0
1.0064399507945831,-0.3170589266512631,0.085937109833587,0.5100784656076136,1.3245866716092904,0.4714234034592113,1.0743086390286327,-0.0209449185628209,1
0.0648387499385425,0.8550097873143081,-0.1631410341158381,0.4454865112697115,0.0004518165563123,0.8461318390126411,-0.0296548352477685,0.4120580083769096,1
0.1317596068322684,0.6653886047773412,-0.0635337336578825,-0.4550713943181053,0.1087852859652696,0.677478924891928,-0.2806344795567057,1.150301976021477,1
1.1034181788799455,-0.0529168083705198,0.6866058256324603,0.096979622791224,1.2489478727749124,-0.194812991184559,1.225143385508234,0.0076731174497286,1
0.3942114038011255,0.82910266583367,,1.3111987759319848,0.7448210843255565,-0.0504086152982738,1.329000574959593,-0.4610162121359948,1
0.9893042696805204,-0.0328530936107444,-0.0387712600330199,-0.0355587179280756,-0.0033606317392097,0.0148697890510475,0.0120601201872402,0.0360544312438366,0
0.9444268129317,1.3089381783030205,0.0504524944434465,0.5028573246262542,-0.0480514266028206,-0.3635640098091552,0.7018421925667995,0.1387311911355122,1
-0.0621747743329762,1.0428958059635711,0.0306969678249043,-0.0042430909701967,-0.0106139714984745,-0.0419870859157127,-0.0078698194307579,0.0058414982543285,0
1.0130877922638064,-0.067150975389333,0.0123437657314332,-0.0146670798486629,-0.0257827210825446,0.0232976312497776,0.0392688863897688,0.0354707566751254,0
0.9221980271959228,1.1604869337587809,1.1946612035467472,1.4369208482818248,-0.0735487220883257,1.0813077051063236,0.6578555368292376,1.0619002694345216,1
0.0257906624272852,-0.0587884601615256,0.9889797660142868,-0.0278446482104924,0.0098650169346794,-0.0136215573409455,-0.0532025417398496,0.0398442591986324,0
-0.0021386341957455,0.0340849605730182,0.0135216537609228,-0.0210105316291695,0.9736801430016496,0.0401086470243533,-0.0325903397277647,0.0132003513887833,0
0.7425043534081535,0.3218068785542793,0.5536484764169141,0.3536329170027592,1.167966914767986,1.3648131643001231,0.9233232811957066,1.3622134139924238,1
0.4080927430239871,1.3255337741104003,-0.2059162856714165,0.8678482099712919,-0.4824401894471917,0.2860851223091152,-0.2384718834756618,-0.2723709398410834,1
0.0130736351188846,0.0310227783502566,-0.0005203511081502,1.0086122771641797,-0.0488782271055004,0.0266044739077189,-0.0580824310079996,-0.0164236929626581,0
1.2105842315917563,1.2637484175153504,0.9614530284981346,0.6320133540024291,1.0932575760507957,0.1792324870860775,0.4901079980025578,0.0961610771114298,1
1.0096113901336583,0.028914590740031,-0.0457468371183921,-0.0488351824122312,0.0193032556411604,0.0109835495897916,0.0092641166081386,0.0128128871024828,0
-0.0364222514603472,0.9904158208099229,-0.0202348080037146,0.0337343865700822,0.0460374334681087,-0.0303786158968133,0.0454320197509437,-0.0231150913908607,0
-0.4021935999552013,-0.1553648297176855,-0.4156499011281358,0.7230331527980276,0.9206225844062048,0.8855617182458058,0.9658799368659874,1.105315898949813,1
-0.2431193067869508,0.2125396680051492,-0.4683153221116294,-0.2417007914610709,0.0508303949101349,1.01786701140672,1.3286432608982004,0.2937704085938373,1
0.0534247868530925,-0.0059204786607802,0.0072992924260139,-0.0509598420098512,0.9987032899191968,,0.0510702523952176,0.0048824271886594,0
0.0429722351855182,-0.0139233948655352,0.015722761616093,1.0169275653418046,-0.0060293556490498,-0.0262853636951051,-0.0472197430916685,,0
-0.4448305134375516,0.0289587577003396,-0.0917724694513006,-0.478102691750361,1.224910772432718,1.064827583247712,0.1144290056394645,1.2867023076878294,1
,1.237366239506359,1.241497671448927,1.0748067524061715,0.9894811032697596,-0.4840633480759928,-0.0879209140861363,0.0451480147141278,1
0.5683508502708381,0.914911863685065,-0.3231099747937187,-0.0941974118319068,1.1304981725713978,-0.0062809022920176,1.2972595481713518,0.4764931602278694,1
0.0107254349332973,0.0643935836304108,0.0396751313053387,0.9871983530787508,-0.0295143786626144,0.0429321956434132,0.003484676989847,-0.0336096225224605,0
1.356001996679748,0.3045298688275875,1.1115493543491022,0.3712705615437723,1.17543358835979,0.5188053085248159,1.1732417909983517,0.6946634591103458,1
0.4778072805452007,0.6764726077422794,-0.0457471946986574,1.372564206901559,1.4765362584936768,0.6790805623345719,1.0863253080950803,-0.4705822839258207,1
1.4680426348814262,-0.1962930527540085,0.9317765476124598,-0.2584536841470664,-0.4998183010594292,-0.1038610919451072,0.4423653606534303,0.0195555841487911,1
0.0837016815217683,-0.4352450794343805,1.3689675611471102,1.137792097880528,0.5474021954689681,0.6553963700700487,0.3277483250421775,0.9028196120638524,1
0.9945468423439874,0.0136611792854867,0.0637729714653762,0.0059025708277574,0.0087079188259853,-0.0025170569130129,-0.0648746986621616,-0.0008964485533341,0
0.2771910088428846,0.4145653222638172,0.192615547988725,1.1561275849215502,0.0742472805705609,0.5108900874403897,-0.0278452459847209,0.4901276375644887,1
1.066126612070516,0.0005817561414568,-0.0557994020115033,0.0262708815697121,0.0113166725180997,-0.0341227179066773,0.0039682937052471,-0.0219053273436071,0
0.0369381432606147,1.0052157606828993,-0.0004365653579185,0.0011873620931273,-0.0006297021114613,0.0349916869665038,0.0735526008182316,-0.039155621674815,0
-0.012987830499055,0.0240107874936652,-0.0260456287918533,0.966426304354528,-0.0452318629804055,-0.0127147812906375,0.0399491613234139,0.0079168289174884,0
0.3658270451223089,0.961300133157582,-0.3684188925602056,1.466345436169433,1.021962965227017,-0.1043505609709238,0.1418552452219916,1.4948039467403724,1
0.517271995985721,0.3340029448870774,-0.2012926968017181,0.4133334246025153,0.0023811339948036,-0.1681560676586915,-0.2003210186101844,0.8161326481711102,1
1.03082219234348,0.0514473384997925,-0.0027316175767637,0.0380678166149795,0.0137182287813395,-0.0244718439869729,0.0137091087545333,0.0583435720765569,0
0.0260384758286486,0.9714760335495692,-0.0657759161335897,0.0215207210312686,0.0057776527339207,0.0399086454143502,0.0024842101287962,-0.0162890702111626,0
0.0077135118667441,0.972775507595481,-0.0113426147900957,-0.016029833005338,0.0257139116439017,-0.0123766834640774,0.0149292333833163,0.060239705702721,0
-0.0293177728440152,0.0377847010535799,0.0336848244243793,0.9947410766248368,-0.0375725865875985,-0.027232581140096,-0.0165266591286574,-0.0545274797238035,0
-0.0120008335358694,-0.0153698734500992,-0.0355185443199843,0.9515024640634444,-0.0081294416959943,0.0123462512812559,-0.0369231555798654,-0.0221286938186378,0
-0.0134439556474056,-0.0042285602787905,0.0710358221032033,0.9772202516100738,0.0149609396644569,-0.0077371073797707,0.0096987963936428,-0.0431027427111687,0
0.2761822569931349,-0.4986649556915279,1.071468025852352,1.1288496966100932,1.0517915387740158,0.188687502245612,0.3439611278509991,0.9590178329815686,1
0.947196605872496,0.4642835749763665,0.5043387486915369,0.3169014328507213,1.4778055740077078,0.6733672101050343,0.9356145974487108,0.0968428456534844,1
-0.0225200307598481,-0.0340010758030231,0.0348314978307002,1.0007489380679568,-0.0503348314747533,-0.0145792403644514,-0.0436911505622002,0.0056686999192169,0
-0.4076493363461813,0.7154059221739053,1.4074419342686573,0.718008687563475,0.1526789805049655,1.0457025224658534,0.4437281788088885,1.0888283382114905,1
0.0030330438014462,0.0058972918285087,0.0134451852100792,0.9918373458847948,-0.0241481505484392,0.0112996601766278,0.0533998493415782,0.0234606863629898,0
0.27548844640027,-0.1172622486477987,1.1806018310347384,0.9436704631800426,-0.4655571722135811,-0.3706509843408188,0.1042434976765918,0.3586101651491358,1
-0.0254830659526893,-0.0034865007449403,-0.0389922887603483,-0.0045099923725518,1.037938025118962,0.0449271628096914,-0.0630836790379681,0.0071640553760439,0
-0.0027402144395257,-0.026712080498578,-0.0372456972264059,0.9976340247522636,-0.0038620616287818,0.0195307605444022,-0.0089114399143671,-0.0299310243258132,0
0.2310389449797738,-0.4877265448440224,-0.1679577986007565,1.1833171598881984,1.30627879703562,1.068471699734215,0.2738862927059957,1.3136066030974003,1
0.0031772831986355,0.993825033426362,0.0521704174730486,0.0192020319012385,0.0066761848584536,-0.0608540642381153,0.0123965035536821,0.0405188922109143,0
1.3310263271270255,0.592991171461825,0.6963886749437043,0.5263761384511834,0.779631247128195,0.9550943912616509,-0.063708924805552,-0.397607149684448,1
0.9923062604934676,0.0125074315460502,0.0517614334288754,-0.0181517812435816,-0.0283165007347646,-0.017573427473627,,0.011514105992825,0
0.9996134733087124,-0.030290190290675,0.0235556249142916,-0.0349619025959089,0.0059813299307908,-0.0561200412459235,-0.0380359198918995,0.0056376124440913,0
0.0614542757091399,-0.0223931411746802,0.9613874097999322,0.0276119233752852,0.0006931847858014,-0.0057999754277714,-0.0329736950565414,0.0337867499511808,0
1.2367659758836895,0.4100045300084773,0.929728541156112,-0.0776156348516439,-0.2876534390574845,-0.1507611447903747,0.8175989010659113,1.3510718763708514,1
0.2546675668562153,-0.1964495380813362,0.3655726472937459,-0.1318088685726761,-0.0043078941505743,0.5528076365835131,1.200578421031065,0.5395272422186022,1
0.0661980663436255,1.0381584481930062,0.0256174425010402,0.0010886751661301,0.0311714270606157,-0.0087611195675094,0.0083937038370664,0.0296082160073357,0
-0.06217602745624,-0.0287489490668909,-0.0132352058772494,0.0197208845012905,0.9586768949110328,-0.036884254831184,-0.0309535150618822,0.0107044335177989,0
-0.3291846051002061,-0.0335279842060929,0.5950293988952204,1.23076293616531,0.8018829344695151,1.3950721905797565,0.7233861123920722,1.043218376112049,1
1.366055221709872,0.2325345637784532,1.3450393133358771,1.1836976202123524,0.2410163194365293,0.2175240950146779,0.6281770023606199,1.3148634204207252,1
0.0028719346524846,0.0304677810823717,0.0627650262419886,0.0253935554205425,1.0384671889819113,-0.0074225291811293,-0.0093450450913802,0.0472256094448766,0
-0.0579639213105718,0.981790167605204,0.0350505961366293,0.0060839374863563,0.0333947132712869,0.0417745695788842,-0.0434403856155247,-0.0168155750250963,0
-0.1332809636120215,1.247670730958625,0.7632223717433291,0.0277258812214129,-0.2901836961716653,0.6406058657538944,0.4936479513531735,1.0906467555369408,1
-0.0090377706226064,0.0416156285538731,0.9430466520427944,0.04966685186928,0.0267180934282071,0.0060004140570648,0.0132907014182559,-0.0176686202867617,0
0.0118587303079699,0.0507374862525326,,1.0443060275204032,-0.0105461398685969,0.0379187498809826,-0.0300647964067079,0.0048107083575996,0
0.0283934497124715,0.0246164084651514,1.0244953749195382,0.0286048679174324,0.0580958862100388,0.0124400963752058,0.0143478616600421,-0.0569182187003796,0
-0.0288539930697129,0.5277711770512998,0.2155747738278826,0.8051492612545332,0.9103619365924958,0.0656414514325791,0.980116180414046,0.4410627955683677,1
,0.964899716306018,-0.0022976367159613,-0.0008637369845089,0.0069861480635312,-0.0416405830910904,0.0159066857626457,0.001248939254902,0
1.0142140648668705,0.0222786730821793,0.0430271226173345,0.0418651198574604,-0.0547316197592344,-0.0372576212255029,0.0204611607567789,0.0204115283078861,0
0.071232560002587,0.0268189332736262,0.9916032484455376,0.0049491354069382,-0.0322424345987862,0.0423358938011891,-0.0047552381485664,0.0299860929983629,0
-0.006057627157954,0.0417475998995427,0.0187239315393411,0.997640554652044,0.0573635886053303,0.041231215171273,-0.0453496622444085,-0.0106596038704877,0
-0.3101764731878191,1.3813589865493396,0.6678643310255634,-0.1226381171603168,0.6294239416376788,0.3902344564518476,1.288525485436947,0.9472415239623362,1
-0.0279584202693844,-0.024819228576585,-0.0467685302220343,0.0470415681102281,1.0050081097727264,0.0233149396938678,0.0448326356886404,-0.0234130654523213,0
-0.2534213141532635,1.3369980221310265,0.0268234327483078,-0.1577353760859896,1.0854748236134073,0.0864496069972677,1.2254358583793223,0.0441665702874185,1
0.0277194888317431,1.026203534829241,-0.0554728319358765,-0.0399534930831351,0.0034147149818154,-0.0017157882454556,-0.0049177994554271,0.0216698329373774,0
0.2187229138050159,0.8407884445410891,-0.377776568303547,1.3921336970428873,0.3580195420683367,0.2908122891052511,-0.0561043048979184,0.5197705088576314,1
1.255209809097295,-0.4121525749275865,-0.4099964824332989,1.3240015954168067,-0.0420941493352169,0.0211337947193968,0.7198481330937714,0.4200161066315442,1
-0.0395887489770161,-0.0247360726984367,-0.0484129056993697,0.9777216820103992,0.0477649065191124,0.0227232882895938,0.0085127055174557,0.0204075750493002,0
1.2457049797551392,-0.3638764959184681,0.4433474589276311,1.154310011269077,0.9963387177087556,1.3122547804471842,1.3501995789650565,1.1598588628327418,1
0.001250260504881,-0.0019602939715828,1.0002443630529807,0.0125570761876843,-0.0335059235261726,-0.0352414918067971,-0.0840132493830832,0.0099402502070945,0
-0.0740182192454284,1.4726800384472394,0.4699500371746086,-0.4121152949236459,0.5176247769019073,0.0089746663733254,-0.284895370752519,0.8842897901617714,1
1.1224350473840974,0.5874663262914177,1.4950208307953363,-0.3307392211683102,1.333593330747272,1.0289403644185382,0.65705863109945,0.6306136734433079,1
1.4001179140200908,0.6119454644443965,0.1182524429076634,0.0216825755261818,1.1322478342436175,0.9929588411863024,0.6166623005781533,-0.2760715145383765,1
-0.0336701982857314,-0.2158913696077355,1.378856636235271,0.9609486659623908,-0.3570834208108167,-0.4666537905697605,0.3336675072794712,0.8848612586521196,1
1.0002744303161084,0.0306796749284264,-0.0055860992452318,0.0574144817743175,0.0132059310782045,-0.0180919839490283,-0.0226032772400213,0.0101835224190562,0
0.4871994866942148,0.4144437397712464,0.1711868685774857,-0.2787377348886442,0.7397506239569074,-0.3769161583838376,0.6419802120324576,1.210796040561386,1
-0.0369224605617886,0.0440592661853984,-0.007522409380473,1.0506989155913362,-0.0219734811776814,0.0140508682312898,-0.0174603856661387,-0.0168327079358005,0
0.6738851257450464,-0.2393065678733508,0.7673875406753536,-0.4667349890214858,1.397641677776146,0.043497465532849,-0.0291205112736381,1.0077949613394224,1
0.6379225571652569,0.6949335985616882,0.5847407203311861,0.4463290683893621,-0.058243197310686,0.8121162409711682,0.8044785634167775,-0.1310259543085772,1
-0.4537600905949088,1.2157275312778877,1.2127693874459944,-0.2277991825615475,-0.1983643218077011,1.2751865658158217,0.3183832262637214,0.1613468157798183,1
0.0367842399818499,-0.0684775157985637,0.0024138890549925,1.0045592347824563,-0.0039121462589609,,0.0087735102233574,0.0518115588738107,0
0.990870883889772,-0.2205359217794948,0.8468780166397782,1.0067710100080796,-0.2429579698240005,,0.5442975145389788,1.2633461326270905,1
1.3434394069339224,-0.0775177589229607,0.5529878639129897,0.1992023555812434,-0.4599135280381017,0.7551466428529401,1.135244429537052,-0.1624017559589512,1
1.3359953680060153,0.4337325544508301,-0.2257828388217486,0.3076914125373284,0.1972459775233457,1.2289186759038508,-0.4905192391186859,0.017255271027192,1
0.0536718069026205,0.0231677072592311,-0.0203403962099822,-0.0172900639895744,1.0318381117585298,0.0579336856784694,0.0018107797869116,-0.0346251429556193,0
-0.2045981615462004,1.1518482734735107,0.6533114872292751,1.255493751834425,1.09285855150818,1.331191765859156,0.8332878634774712,1.1498351499562425,1
-0.0196295583194593,0.0072976361046668,0.0296670691744108,-0.054568268017128,0.9958377140325396,0.0387016355991445,0.0271886719768344,0.0586000018397243,0
1.0030125366856055,0.0175717018685075,0.0420899011692891,-0.0328492935768858,0.0566066910616221,-0.0518047360653881,-0.0040280907390034,0.0156128313552879,0
-0.2985041413150415,0.968016941408088,1.3623257248522287,0.0955854904509097,0.4387287628873457,1.4342661147176268,0.3167284325298747,0.7447351181301194,1
0.1617487568886209,0.6142451786630363,1.4796613982317697,-0.3366517905448645,0.0457212062232288,0.8446284561403121,0.3986381312477762,1.0625491001838727,1
-0.2648692862533155,0.5569340348058485,-0.3720093620950067,-0.0621266396484772,0.7272029969122198,0.4437544354115952,0.7897689463666051,1.163580961764087,1
-0.0483991953359217,-0.0525604945502903,0.00345617867237,0.0350756304676922,1.02798636204148,0.0379845013541905,-0.0026285669165381,-0.0208498962130049,0
1.267482226615663,1.3418705742351922,-0.0601061182824804,0.8429289946083467,-0.1496826123768833,-0.2762061304006502,-0.3468622524215059,0.811891837029354,1
-0.0104859691529951,-0.0089139524829952,-0.0215342202418734,0.9388010432718588,-0.0086786293348736,-0.0241386631950288,-0.0148370586177996,-0.0438242153455239,0
-0.0266352974624763,1.0353101187360834,-0.0295882842672159,-0.0355395101221321,0.0547943653140597,-0.0071045292663539,-0.0064795049597767,-0.0131802095597352,0
0.8724865684437151,0.2407462962749638,0.4519966954114354,1.0808802491378746,-0.4207551745157294,-0.4587549505389341,0.6210504594359147,0.1358194597860624,1
0.0309333227864457,-0.0174197633999481,-0.0334763251923996,0.9983199403295376,0.0395918350192608,-0.0064490377477059,0.0658266326532092,0.0239581180051632,0
0.7611668481519223,0.0338239370593209,1.0380929946527246,1.2414318179928785,0.4374341488263622,-0.345665770368891,0.9249584784895836,0.5925189190973674,1
-0.015419487728497,0.995567169952774,-0.0676192253090899,-0.0278372509829907,-0.0465741076549249,,-0.0033574176602196,-0.0023647868837951,0
-0.0363089211821268,0.063694403599883,0.99467770864941,,0.0156749439107817,0.0078507109103667,0.0295894613239673,-0.0184360849508336,0
1.4445617815943477,0.2855269301961787,0.5897151239089569,1.4057243759853428,1.1090508239568058,0.5030258010840147,0.911755387012819,1.424561914845828,1
1.293740775785174,0.3660461113621749,1.4877193797788262,0.2650384207136083,-0.0259415995927181,1.2730416512372205,1.4301452203996043,0.02346690471886,1
-0.1120189961424025,0.0178564342432481,0.8230055366802946,0.5341623155876019,0.0421826421735456,0.2800479877973094,1.3522850623006852,0.7382139668480114,1
0.153161364303668,1.0595214842813128,-0.4567119539542743,0.9602961362407962,-0.4016454305590673,-0.0322828820079581,1.1507165189535518,-0.2060944990712956,1
0.0216668875949647,1.0032160807464503,-0.0510900230246944,0.0536688557809039,0.0114030075625078,-0.0291435645764644,-0.0450644557871102,-0.0255461906090107,0
-0.0319799119496858,0.000800422559691,-0.0038526426690054,0.9509529759466168,-0.0192444965865302,-0.0441939032016184,-0.0199024693037491,0.0105468356852476,0
0.0343393840607609,0.0204402809021896,0.0332722961968686,,0.025336300588351,-0.0101419248992597,0.0055362206845992,0.0122476006554437,0
0.0131445932759126,-0.0139777263868225,0.9673238581695192,-0.0375668802287741,-0.0082812212578075,-0.0605463473189875,0.0535519146267669,-0.0224637886023701,0
0.7547147813254367,0.3796209937449748,1.4949517236301697,0.5480607624559537,0.2228976035916199,-0.2365327287619438,0.1417536979653311,0.7886404931908113,1
1.2272598444972675,0.5894308937974055,1.4360712587199158,0.4140221133677082,0.9376349880092492,0.6026867633369724,-0.4522383092590536,0.467744950702682,1
0.0073495881376103,-0.0009654347799862,0.0347765322956538,0.9890124573864504,0.03893960653496,0.0533354860051459,0.0148187397119307,0.0052504253180521,0
1.0116727795150502,0.0102905503925783,0.0002015675945561,-0.0092472015496548,-0.0557925676950675,-0.0165814383106443,-0.0135094800926166,-0.031625006454787,0
-0.0079349188066027,-0.0017033236902882,0.0134959929740846,1.0337419389909157,0.059816753877296,0.0323890864432729,0.0247708019929909,0.0218589056479396,0
-0.1108455182147734,-0.4119310886112945,1.4021408399811426,0.6227819703448574,1.1039183116289606,-0.3960953998150651,0.4617293148139942,0.3330293609415122,1
0.0303285871956031,0.0638433404550844,0.0426194281308794,-0.0414437821979405,1.0213669149494102,-0.0091345562085165,-0.0037943137844116,-0.0293324860526228,0
0.0328032017664789,1.0272637060999272,0.0222444806793355,0.0608751107144584,-0.0159811626090305,-0.0156135380587839,-0.0176180369911003,0.0248505140891229,0
1.033428941397848,0.0114191853017138,0.0302057846796739,0.0233968748038373,-0.0308052795426145,-0.0208162091573339,0.0277692725564475,0.0226812301683986,0
-0.0047883598206484,-0.0352895485167335,-0.0051256800593263,-0.0683893712307629,0.9995025244630996,-0.0030286591232057,0.0479521164683555,-0.0116587612414647,0
1.0159529636536693,-0.0353529904154473,-0.0118158817984024,-0.0279895146262868,-0.0334604507314445,0.048235101902089,0.0202691099828132,-0.0393390800864581,0
1.3253757883500792,1.438523801435448,1.0441854180363166,0.7480801161600752,1.0172077542320577,0.533479049156629,1.0247718593608508,0.1816611212211532,1
0.4493007097145414,0.2567748124126729,0.4382245881214117,0.5038263413558699,1.3608077097655231,1.0721458533614532,0.3503649207012242,1.0196382942447733,1
1.0516848106461276,0.0671784574322518,0.8822516746583753,0.0225386853413707,1.470450824979852,0.6738570592223649,0.9419138102608448,0.4201599523452184,1
0.7129669659170303,0.8883840548053601,-0.4283613253973559,-0.130960078382297,0.2685242403988328,0.3967059219008766,0.4535843744569765,0.5487608365556096,1
-0.2716442928853249,1.2237229895057182,-0.4932040516741562,-0.1468847764010203,-0.4612514450085798,-0.4319715418147893,1.4868489497903916,0.1776305365073054,1
0.9768407087915038,0.0224382840892609,0.0042438960480072,0.0423458222302919,-0.0306913428553445,-0.0143242603296711,-0.0171416177339108,-0.0639798320650824,0
-0.0139249322116153,,0.0271052465388609,0.0303361120694527,0.9262146016773992,-0.0202631896601684,0.0038319779310145,-0.0159021096532563,0
0.0249069769888175,1.061390052498873,-0.029738539903566,0.0398955176397209,0.0279273045274238,-0.0470578927482508,-0.0059580341010944,0.0021626885359962,0
0.9665567189600732,0.0103763220235186,-0.0299825940761464,-0.0466337068927045,0.0483951398222063,-0.0074550437064305,0.0022297544794578,-0.0470446188372745,0
0.0085195274245963,-0.0066874816633631,0.0156888312156783,0.961347570556025,0.0383983512076678,-0.0508061151055288,0.0036911565206033,0.0493418077966551,0
0.4456969860365276,0.03021790345806,1.2706688736108205,0.6679621028184404,0.8033521588507593,-0.3664298931768113,1.124783674024048,1.4651915615300086,1
1.0296000869770794,0.0068689852266127,-0.0046355506263574,-0.0120691928653268,-0.0592638593241041,-0.0288536431514106,-0.0184638656031114,0.0423728177945142,0
0.6462949425829145,-0.1925901368472096,0.2565284484599002,1.3280843859196307,0.1748918184677894,0.7892873332053421,1.2048703494842694,-0.1169552743268509,1
-0.0162426638671479,0.0417838246119202,0.0068253228128924,-0.007551833893091,1.0536955972105129,0.0577451710720179,-0.0205346763666873,-0.0312707949256657,0
0.1812638743878272,0.7564393358340382,1.1884880589994176,0.07259561603613,0.4699306604069329,0.6672788536276011,0.4940155832614847,1.0457089609335086,1
1.3733603969168315,0.512445220087119,1.0668481736769104,-0.4191523220692799,0.750401419194987,-0.1354871020340569,0.8624684509110554,1.365262561396659,1
0.6329892642056425,-0.2872516876144992,1.1898080995306837,-0.3869961919026208,0.9205562210096854,-0.2081944939758151,0.8599143827131193,0.4221605544152893,1
0.2130445063334294,0.5241322843850369,0.1922428849714295,0.7116752757111169,0.4198960371521025,-0.3909905424388877,0.4847700042178564,0.1036907159435536,1
-0.2404422634426213,0.466706626238242,0.8680756598364399,1.10447640208328,0.4634944343975526,1.3467139873395568,-0.3736124830979335,0.8450615966228163,1
0.8316107776031789,0.3883817019696605,0.2604701799064992,1.0540025176802297,0.1895641107959429,0.8702336770758188,-0.2698045034762315,0.5244553255749564,1
0.0312077740729647,-0.037037411411681,-0.0068891803434851,1.0487332909851677,-0.0163585247467165,-0.0250869555906019,0.0075110566122966,-0.000126059654651,0
0.7807504254124509,-0.1390591792848097,1.4202810746914487,0.3823180563660344,1.171194404331512,1.2196639944690084,0.0007181910535283,-0.3589765550006032,1
0.0696703634784393,0.0374125672170472,0.9983897396362515,-0.0426154320044799,-0.0145654836964446,-0.0246701097757779,0.0117727031723978,-0.010881609960142,0
0.7491943770475811,0.1453862904793017,0.767712615854703,0.2208797385620493,1.250339806943653,1.370543405806164,1.0080108320110737,1.2127111025720982,1
-0.0214058652970278,0.0662013416790607,1.0359205422922098,-0.0135312571477413,0.0132433817662065,-0.049702408919278,0.0077274126213516,4.964346672564853e-05,0
0.0011703812186545,0.928093299999054,-0.0282681540353449,0.017521805320087,-0.0367877566348476,0.0109356724050843,-0.016609239148028,0.0324224241972793,0
1.039730039022833,0.0391569292556195,0.0628370446203448,0.001010984878991,0.032824668659039,-0.0149341727505867,0.0156032066120876,-0.0062642188211052,0
-0.0207683757106604,-0.0416768729567871,1.0107022567102997,0.0248954486721809,0.0195290261452056,-0.0468608264494415,0.0427607025512854,0.0213948955117814,0
0.2005072736648381,1.1708888413762235,-0.0168892346752678,1.4216871020720028,1.0686218845782192,1.4839893503987451,0.4526431216781519,1.2640451112602176,1
-0.0054479937505126,-0.0542206538225721,-0.0627745611873507,-0.0211306477005673,1.0056512742733774,-0.0279780021532773,-0.0085252553280165,0.0153248172709591,0
0.9642823650640504,-0.0051709868668788,0.0227589644071555,0.0390181940606673,-0.0540954284261808,-0.0150754326644103,-0.0214050212391111,-0.0294444976521374,0
-0.1732204186314931,0.9520727291269588,1.4178850969653602,0.6754940409540775,0.3407405576369673,-0.0082131809547247,,0.4278453292865134,1
1.4465059563155775,1.341264916442142,1.4919122029691612,-0.3406799484229177,0.6585366135533486,-0.0129174436907646,0.7025714366999827,1.209705460966899,1
-0.0855070436844933,0.0434928696838312,0.5760105955269113,0.9361531473261242,-0.4390676724303315,0.3859955275782896,1.0664387000328808,1.304903824651126,1
-0.0366956843196879,0.0466473235878295,-0.0214866792043367,0.9899521857842356,0.0241206166472863,-0.0519615885552732,0.0436238970382087,-0.0193772739891403,0
-0.0207440084291906,-0.0652040577890773,1.0091130651116125,-0.0407243017587915,0.0188837168079053,0.0104898495954974,-0.0025927620562966,0.0486537802151151,0
-0.0143977964057967,0.0358248569478829,0.9789598182173972,0.0007506630836262,-0.0116596374603177,0.0057575301904961,0.0104124583838697,0.0176234876514941,0
1.329839694021704,,1.11057253266972,-0.0697100042852036,-0.1129233679363581,1.0812594020348465,1.298756930325314,1.2082448376833312,1
0.0271024830370558,0.0129455287688665,0.9823071589952376,0.0170769883142478,0.07907646405303,0.0131545452328508,0.0077030191165582,0.0253406505430364,0
0.3834435595567553,0.6375094237038834,0.3066141189961671,1.0321662544203918,0.0067195010123883,1.395850888901952,1.1372811432385452,-0.3035134872799274,1
-0.2407825343236069,-0.098376795943194,0.555759184152097,-0.1058709801177779,1.0040898875533588,0.4809733321265355,1.1778490439500535,0.6458300865382098,1
-0.4495364816578551,-0.208275625006487,1.379089020185848,0.49185810019047,0.8840203103286639,0.234755770288715,1.1832960400687034,0.2468043482122517,1
0.6735537462962118,-0.210878943135707,1.1239473972496274,-0.1523373843881044,-0.4391293839458314,0.0080925450947249,1.0853159358605042,-0.1365868680271702,1
1.0198266400146725,-0.0055189015847095,0.0258528721372299,0.0607926400154684,-0.0093463708265935,-0.0093457155014008,0.0630352161495876,0.0306326123735964,0
0.0220929067757315,0.0188164588921354,0.0590023179716249,1.0444494448638724,9.311941016983463e-05,-0.0548536563231469,-0.0069747168956155,-0.0033706987956956,0
0.0301831447485532,1.0267080617144089,-0.0075210915257174,-0.0031631205519046,0.0372280093640186,0.0547383941521951,0.0588527099933727,-0.0019497691170579,0
1.4838272882025154,0.2634347903566547,0.5262475481266065,0.6852243816360652,1.206364394133814,-0.4307482304025711,-0.2731687908556979,-0.1966893754835534,1
0.5969156501887913,0.4321551276317015,1.2916949393325057,0.4014100260553868,0.9714131083341953,1.3264983899409162,1.0129364583315132,0.3715811648575129,1
1.464927764692876,0.6485939647367949,1.259297959299677,0.8880815932553379,-0.2895708760926472,1.1002036011667595,0.8192666076529938,0.7785757904761166,1
-0.2741653539623088,-0.2259349994206227,1.1391507528851177,0.5040555330089276,-0.4077644219282565,1.3275453542696063,1.172746064778179,0.2001063638510214,1
0.5839326366491708,0.2722572934518448,0.4885701275147185,0.4312139764694997,-0.452919100460019,0.7051251333500101,0.8107573532923886,1.2854188125204462,1
0.0098225266418526,-0.0457237166175328,1.063631012972071,-0.0026489669837918,0.0043634044939603,0.0047392878268386,0.0055108207692668,0.0508739229410006,0
0.979918000454954,0.0040918774526354,-0.0424595628347795,0.013859307236601,-0.0221572532600241,-0.01076043284759,-0.0221966483664249,0.068329592367302,0
0.0479066993940167,0.8826369462715336,0.8243920756671217,-0.2333217041948321,0.6020692969001555,0.4232947273429333,1.086850153998949,0.8332878709830445,1
0.0051019455565912,0.9964123654173782,0.0371782695087877,0.0056338139873468,0.0475180574592969,-0.0512027805727147,0.055838480479357,-0.0193566438982099,0
0.403761690081396,0.7856538155877701,1.1229584389635794,-0.2535621456890145,0.1921529573300069,0.3993790527725604,-0.4668331321400181,-0.4024355945229509,1
1.107233476519778,0.7126956160016635,0.1507905741139741,1.1248631886657563,-0.4625121342838103,0.3394332066820125,-0.075425367040272,0.4298857988732838,1
-0.0224430335119648,-0.055449769984137,1.0239624270078918,-0.0594890116017705,0.0133569906946278,-0.0075107989762414,0.0137909199997737,0.0277758091173157,0
-0.0530626117785201,1.0190716703188805,-0.0533139741437996,0.0088621080078607,-0.0011755099226515,0.0076811822270223,-0.0170547086414928,0.0445363566155899,0
1.455359423330154,-0.2037498961258532,0.3447360560435426,0.4215348939925987,1.0368771038616809,1.2418108104150174,0.0327028771145851,0.7933840957137295,1
-0.0060810365263892,0.0309772563808128,0.0240797744878016,1.031807535863629,-0.0492411922580281,0.0057860648928332,0.047498052815148,0.0455707427889989,0
0.9745480358084114,0.0086927910058687,0.0109691160618744,-0.0267367437313366,0.0698322054189524,0.0177346178060243,-0.0445881053878955,0.0245734874138362,0
-0.4185199659634244,0.0791959192913414,0.4405122236767933,-0.3171014986384337,0.7065404935110142,0.7063093298918051,0.0777776841986015,0.8824724191033968,1
0.0035652688331375,1.020817670387412,-0.0164602657131231,-0.0445971777325011,0.010466624921259,0.029761593761005,0.0329294846244777,-0.0047495330159721,0
0.0106021366552304,0.0340608155192021,-0.0040532260194343,1.0484875800915456,0.0437082386171317,0.0052541844764869,-0.0160227505372435,0.0522206756596281,0
-0.2113643887440084,0.3237350289811393,-0.087250502280189,0.200300360448389,1.1240771121964563,1.2851584908600335,0.0407708427893829,-0.2469737936291753,1
0.0131453563639366,-0.0223887576615776,1.0373039421035075,-0.0324155593525655,0.0410747608403464,-0.0142663329893123,-0.0637551836307217,-0.0171816486595991,0
0.8414233627053853,-0.1105099619387142,0.4112907050635068,1.4590115249613784,1.2814876554214034,0.1255183628199778,0.6363169219808884,0.4296147482202799,1
-0.2077736481004979,0.4721720312103266,0.479722639252182,0.2763448574293436,-0.2219018829505632,-0.2407892385340251,-0.026348770140028,-0.0596668840081957,1
1.4104325519413377,0.7071073763823026,0.4159401292370164,0.8416365006206596,1.2155846332430844,-0.2496733644101245,0.0042801695419387,1.4561760094523952,1
0.9829359143237784,0.0393742140144327,0.0023242332900731,-0.0389690346442755,-0.0258639110095126,0.024572856918212,-0.026408555306658,0.0078266974233711,0
1.3884893886243643,0.2370932430456194,1.13907842381888,1.3088159740117695,0.9838175149154528,0.1084624441881974,1.4603282902037835,-0.2785674384565983,1
1.1498222289713906,1.2597515829605672,0.5114989734089757,0.5241794867576535,-0.3494187495948107,0.1830458617731842,0.906214317123716,0.7902104978248423,1
-0.010542565514896,-0.0797079272074568,0.9876287019286184,-0.0022395029856329,0.0035085288108602,-0.0246454168730894,-0.0463886876161121,0.0175256666156876,0
1.2846269563526742,0.4578614587953484,0.6487138685842044,0.95224792375872,0.5614125624165336,-0.3525787168266825,1.0247713841707913,0.3108573542334569,1
0.023115266895127,-0.0020841705963398,0.9856656618801052,0.0271249967826835,-0.0805833986928958,-0.0123141366497978,-0.0006697581386246,0.0100494663538481,0
-0.0197738294324584,-0.0214290083746293,0.0023031791436631,-0.0435876610341926,0.9359235349145548,-0.0160515061334621,0.0203112505808638,-0.0360132268732271,0
1.05793655661528,1.0499806919937598,0.1880202225275644,1.2258248364383804,1.1592438795582876,0.9635314342840972,-0.0320099676467844,1.0088462929911546,1
0.9989313005812906,0.0059989542690315,0.0653270623176676,-0.0302470711304781,0.0279731131624095,-0.0103381192120588,-0.0111300494953602,0.0561805087700118,0
0.9777866162564128,-0.0091337963319369,0.0230716810363437,-0.0349078154726713,0.0064508567829725,0.0370711031701102,-0.0455888820386379,0.0052362917484892,0
1.001770125519318,0.0723930354524533,-0.0056533598839042,0.0088622743714482,-0.0010201556567063,-0.034346664577171,0.0335867968916728,0.0220988080778801,0
0.0136442559762909,-0.053583288558535,1.0039154375849226,-0.0181767168994186,0.0385337759242158,0.0228530996513286,-0.0082527078827394,-0.0213243316565933,0
0.650002058980456,0.1874899659332558,0.4017747954819068,0.4762608251169851,0.1828991571844966,-0.1389761169779444,1.3058337789617378,-0.3416822642536374,1
0.9997050400224898,-0.4346905118070081,1.3211278873142351,0.784172739556352,-0.2084921094335803,0.6981560056113398,1.4050718133990594,0.1812974717999336,1
1.4458331729577671,-0.2876342327110528,0.8138206297224719,-0.0465322153592357,0.9274070049055808,0.994152448189752,0.2396421708240013,0.0209204316104363,1
0.0572356076623096,-0.012067726872431,0.0064854632988624,0.9375620450554358,0.0369159257646065,-0.0289569636369771,0.0029340992504561,-0.013105697423303,0
0.0130999856246749,-0.0143032771656247,0.955272935467194,0.0538833949315044,-0.0443974414954858,-0.0410572751793983,-0.0249561293137161,-0.0190778545852757,0
0.0086131292332801,1.014838830754012,0.0116941504348662,-0.0295724074972842,-0.0100025350433194,-0.0180541847654148,-0.028422169994167,-0.0426849449048509,0
1.3384076704837016,1.1794310675665036,-0.0192062679434572,1.380193674631498,0.1384542797651049,1.237878764467753,0.2978232860419258,1.1020315728805956,1
0.1805369644316765,0.2398758050670684,0.3840014625176864,0.9728269235903352,-0.2678495371547422,-0.4504943758259949,1.3748477941525012,1.074180747823681,1
0.0006466204494628,0.0063822098692176,-0.0096876355719483,0.9949912310602628,-0.0311761425751936,-0.0636667029011071,0.0071019986594772,-0.0214104835905432,0
1.0419404650526138,0.0096208221702769,-0.0299537978473861,0.0218049021239121,0.0504143442442467,0.0245274401285465,-0.0360944404590965,-0.0115035562785803,0
0.93146159852667,0.9611484972667936,0.5615147917463479,0.2207641113950478,0.1611051381627168,1.0596301031436015,0.5404455679741298,1.1245388669875005,1
-0.1337809826046099,0.2730183162097921,1.494306072760713,0.8837249616369496,0.116471490848464,0.5672481050053972,-0.3239629570225832,1.115368896812556,1
1.2025224667431007,-0.1002138257201148,1.282335408592454,0.6817955771365523,,-0.1677795829123349,-0.0593245539455322,0.9491583093672528,1
0.612034207689415,0.2530900578879469,-0.2898509380025407,1.4509511708416962,1.3483437397043123,1.3967728410609404,-0.39225688763426,0.8229928525844257,1
-0.0268758335843213,0.0160029951733995,0.9802616542011052,0.0484848091873387,-0.0299646145529108,-0.0188368600855218,-0.0288015300068858,-0.041564950706735,0
0.4660861205680227,0.1464461186783947,0.2783980644766379,1.4719739411485262,-0.0583856007153797,1.379226300584806,1.3728240108099168,0.0281743877380928,1
0.0566269363908381,0.0386728696128827,1.0298439176768208,0.0407468556517719,0.0013764227937786,0.0025465635265017,-0.013539366519353,0.0084762628405665,0
-0.0825417451871256,0.0153517378055912,-0.0001420001986504,-0.012038367425962,0.995243328764946,0.0137775056515683,0.0363840383988004,-0.0102507697821333,0
0.3186056415323239,-0.1184839209019499,-0.0589838423016588,0.2405934371113063,0.3932586038083265,1.121428731514465,0.1218927628534807,0.3518163262670388,1
0.0082990482608964,-0.0167958212094553,,0.0547209240035308,0.9604994122089175,0.0331582173321968,0.0066014889676674,-0.0129432748648671,0
0.0510263045711331,0.9836927024321336,-0.0276033917070022,-0.0234577266347449,0.0003702254626858,-0.0042408096028211,0.0588108504219886,-0.010524013396477,0
1.0315393742849166,-0.0176172197714789,0.0110487519730238,0.0192842831643208,-0.0230756569613936,-0.0014818659425969,-0.0806903813748473,-0.025501824065269,0
0.0171700603969203,0.966533573452448,0.0524070800695696,0.0222414329681697,-0.0015299342761248,-0.0162947785779705,0.0031973988836149,0.0308339344909647,0
0.0160019682430258,-0.0632751744153164,-0.0099566587123971,0.006019663993929,0.9757047610363158,0.0023262351258593,0.007348118864914,0.0155073279643447,0
0.0437942486001916,-0.2329253489703406,0.0323872547566785,-0.247952781947899,0.0017772851515329,0.2906967757995795,0.3573787978275768,1.200451997545967,1
0.0240077749414373,-0.0546610723372865,-0.0524505179122604,-0.0084042371433573,0.955419455605,0.0355689644396203,-0.0099325245439779,-0.0143262595747497,0
0.0199700166360788,0.0855831985758708,0.0065305999867709,0.992019659878172,0.0066380191358891,0.0280783567790909,0.0006642353644966,0.0093235265916963,0
-0.0174203150896582,0.9662516346585664,-0.0236174520862175,-0.0506578220339217,0.0276013594707886,-0.0520945330275875,0.0267767350193469,0.0337300643179703,0
0.0670191510201086,0.028048783437587,-0.0526843701057713,-0.0099703418273895,1.008523695255326,-0.0166088975380709,0.027493610256582,-0.0071603130356175,0
0.6750670203160758,0.772867399609052,-0.279237909133762,0.2426774939839313,1.4458235970416746,0.4568422858539407,0.1810927522919707,0.4993293911960372,1
0.2729504889312637,0.617173583989926,0.6262107512549695,-0.1923589590121368,1.1777679413702653,0.5320734344695044,0.0557482951697088,0.1352112633583202,1
-0.0531609301584738,0.9978100790749254,-0.0569436149932462,0.027839996727841,-0.0226386171772197,0.014061187962011,-0.0478242532829058,-0.0108845048750986,0
0.5390864815624732,0.7908874655356037,0.9314624158292192,0.5903840702535024,0.2905439849634943,1.115238656969882,1.1944126345581592,,1
-0.0009547829870262,0.0456583160232686,-0.0525456723562154,0.0150353530685381,0.9587039880678222,0.0165371060005962,0.0423607201404713,-0.0296162042508181,0
1.0078221328926902,-0.0455143344624617,0.0063273414269556,0.0140779627277158,-0.0322926312127697,0.0056165032403633,0.0021267147858411,-0.0417595833934859,0
0.2991677852612888,0.4688258156452187,0.4733091702727463,1.2052044905794173,1.2334332005065314,0.2274569844359408,0.457159444772274,0.9746561311696584,1
0.0023395899534051,0.03156879594328,0.0015509448803802,0.9353664089876592,0.0233459781924555,0.0210784466528947,-0.0446189154374135,-0.0261607464059881,0
0.0285576769899899,-0.0274585418651908,0.9531402154489412,0.0337473215155443,0.0567269243380803,-0.0198227464245244,0.0061651146788489,-0.0255686733336713,0
-0.3943267943178181,-0.3528310836990487,0.4475613867592836,1.3203766718815555,0.182776890847955,1.039287057436995,1.4672446764453009,0.970804683218413,1
-0.036321485720661,1.4954599992245696,1.1997359060211,-0.3037072739299968,0.7766145054975164,0.4978481086869673,0.9533987022054398,0.1955132167589464,1
0.0265489848979624,-0.0029325300199104,1.0206678782537766,-0.0302838121088385,-0.0298004496452697,0.0055037876755119,-0.0053297493001227,-0.0353323657075658,0
1.390278927262028,-0.0861896992307498,0.391685247563359,1.456877022907522,0.0619258301651484,-0.2784888785239672,0.4736299988068644,1.044295658046276,1
-0.4491065180977094,0.9472985739013212,0.5010185226551318,1.250795516698287,-0.1826414302192773,0.0805090534062638,-0.0025435942527125,0.3150925500106269,1
0.3149301534239608,-0.4175092654566326,0.6888613483962973,0.7062734325066211,1.115653855187975,0.0465311446889595,-0.3346164992472129,0.6445328342417558,1
0.7667753771019226,0.9632215694422626,1.2725979495704831,0.978918986833904,1.3476521203572671,1.4426047985695374,0.9948102278255296,1.321564074561414,1
0.9990718174540392,0.040536854423614,-0.0678724676490078,0.0212938850622373,0.0022552191485015,-0.0077466951611544,0.0023773421036768,-0.0514940200273016,0
-0.0392078801050502,0.0627032874270635,-0.0280161769091123,0.0184945821497755,0.972441081474018,-0.0018334712424747,0.0256751917523764,-0.0378857994544786,0
-0.0163537217254537,,1.0087945668735174,0.0009074071844883,0.0024499139596215,-0.0292715189405748,0.0077929156649098,0.0417426598052968,0
0.538154349802137,0.785664553814456,0.1326709381964237,1.2521311085968363,0.7675426021093648,0.2630760497169309,1.405863261568163,-0.0746723910653042,1
0.4806465023191855,-0.4013125247627216,-0.2884683733367701,0.5567276303446778,0.3743657086196061,-0.0117128678406048,-0.2188425351141272,1.0806439028021766,1
1.0023380080604616,-0.4959879992731992,-0.2354903297200652,1.2426158337673323,-0.4396712303623025,0.814514523618278,0.4297751140274564,0.3496055597028689,1
-0.0104328960296284,0.0494483393387505,-0.0319780142938733,0.9635061139446616,0.0076397813670401,-0.0206878018680788,-0.019361757690353,-0.0040638588740036,0
0.3747458703439925,1.0622557353652695,-0.2073461672644354,0.9763264556254369,,-0.4094531954099771,1.0474888861501956,1.2700924405420768,1
-0.0023759345537384,0.0252237930616681,0.956252139960868,-0.0081883412756098,-0.0537382391669243,0.0274931096492833,-0.043214153599461,0.016386360664113,0
0.0145590683614262,0.0345027868923787,0.0258407456061047,-0.030964794861274,1.029322982305962,-0.0064257091432076,-0.0134429739529036,-0.0393126862663116,0
0.9789429680220788,0.539333558694699,0.7499711164067657,0.6435987334204298,0.8526967871416673,1.2730144865335429,0.7264772060292117,0.1625967324321751,1
1.1870506530153722,0.730390678725148,1.1523585370462162,0.2818299531313863,0.5989484291146328,0.903521772755862,-0.2406806487880513,0.0932350026450314,1
0.0498044546153725,-0.0470729996208949,-0.0277848443422554,-0.0206671510096583,0.9904604140116996,-0.0187291837245498,0.0077646872871108,-0.0164924205421131,0
1.2640115398790472,-0.429317911270787,1.2996538394590458,-0.1884262384070432,1.0537965856801963,-0.4068206579987505,-0.4686248271863342,1.112188298813092,1
0.2425991448694326,0.2900749059129135,-0.4198682425826465,0.9168754463485504,1.4247123282132466,1.2222963732519352,-0.217302703849245,0.8601955491465361,1
1.0013891718231254,-0.0198628109978278,0.0653541030060047,0.019323829053338,-0.0617326626516261,0.005683709082726,-0.0201733156204009,0.0259848268643777,0
1.044471741869051,0.0145864016090793,0.9993390581960524,1.046750374101062,0.9818741644677496,1.3473324277498209,0.1770223324387512,0.3954775032425714,1
0.321748880547084,1.4308123210657884,0.0505498763223442,0.369257660198552,0.5011626579790278,0.6234321900850879,0.3074539676455918,1.0639079999237366,1
0.0457972396777039,-0.02282973816639,0.0195795876626883,-0.0053526635720782,0.9941844152279992,-0.0069266615540535,-0.0263459570710705,0.0222535474550924,0
0.2285680429008076,0.6298208372025766,0.6258605529589021,-0.3806888554938314,1.4369706610718254,0.3482420805859909,1.046097590429758,-0.1939207904178073,1
-0.0100189362245354,0.0107249045340329,0.0059459353030414,-0.0313583698191015,0.9931838628256524,-0.0181380901725918,0.0096451164879617,-0.0647216616937703,0
